{"group_1_title": {"epoch": [0, 1, 2, 3, 4, 5, 6, 7, 8, 9, 10, 11, 12, 13, 14, 15, 16, 17, 18, 19, 20, 21, 22, 23, 24, 25, 26, 27, 28, 29, 30, 31, 32, 33, 34, 35, 36, 37, 38, 39, 40, 41, 42, 43, 44, 45, 46, 47, 48, 49, 50, 51, 52, 53, 54, 55, 56, 57, 58, 59, 60, 61, 62, 63, 64, 65, 66, 67, 68, 69, 70, 71, 72, 73, 74, 75, 76, 77, 78, 79, 80, 81, 82, 83, 84, 85, 86, 87, 88, 89, 90, 91, 92, 93, 94, 95, 96, 97, 98, 99], "values": {"metric_1": [0.7263092642955757, 0.650814175746826, 0.9452719254350358, 0.9605748218074432, 0.9907773133942781, 0.8070759387524138, 0.037596551585502014, 0.6375140210503832, 0.05825530898779607, 0.7649976267057701, 0.21416577633538159, 0.3776367172323728, 0.7056007582763498, 0.3008019870474091, 0.328641402457131, 0.8174738102196303, 0.6610996452930827, 0.6744939584540219, 0.6659853912741522, 0.7074776532977316, 0.8268828968948576, 0.18567535643962596, 0.6709408236838508, 0.4659316891933447, 0.6139158862644765, 0.6594406728950818, 0.583728867832163, 0.6303004663945762, 0.32981096725484327, 0.41490140517508745, 0.5761062868211977, 0.9403014434554472, 0.2773285790301915, 0.9251844903212242, 0.2746553895723519, 0.4853315369133774, 0.7551193617483314, 0.9954838563578079, 0.8214176415465565, 0.19288748479971973, 0.5385706552639667, 0.5333290299348397, 0.3118174266746552, 0.3779987572135167, 0.3577437842596277, 0.9867149516472253, 0.3746001241337039, 0.19199208162460601, 0.9301952402055853, 0.950616061197246, 0.17611770593766563, 0.5546114436782651, 0.3237618631897038, 0.934999342728096, 0.2556903955201888, 0.951494728885388, 0.8454217824439942, 0.8432156751022196, 0.5726059836657801, 0.9059890528488673, 0.36360770691177546, 0.17306336684949264, 0.8726367897740441, 0.1369181379811809, 0.48069823351544516, 0.9679866989419651, 0.6883934287655215, 0.4236372984151183, 0.5525177609252383, 0.8576442268669524, 0.36675385954852324, 0.4248199153620257, 0.8774676626859607, 0.9273967260640797, 0.30329479773220513, 0.40373769627209644, 0.10184299415989606, 0.6221018874959273, 0.39838318400858574, 0.8082756489152386, 0.2797154359833389, 0.8834377056218622, 0.8463101549791504, 0.6987100672857748, 0.025980693694148016, 0.6917407768226216, 0.906465314611594, 0.05602487256447042, 0.27091363313688144, 0.9034248510604405, 0.7913341976400963, 0.7957396483295873, 0.5317846915772171, 0.9549186002225954, 0.7211519789345014, 0.09849402549985142, 0.33484713198283955, 0.35312966373111865, 0.8734570109747126, 0.6775282197029389], "metric_2": [0.2988989225113444, 0.8557776831487817, 0.509054819808299, 0.6831965479663075, 0.16238951900080745, 0.7136989698867923, 0.2556203247119677, 0.5795234516475726, 0.5541312318169648, 0.5536771249924618, 0.3671884206212115, 0.11689290560477505, 0.38519061523941944, 0.9921674857428865, 0.8336488933160848, 0.9213849828182269, 0.2238351422047281, 0.6290009364849366, 0.6314867273900496, 0.30732016546470664, 0.6643300034965155, 0.8260311283317132, 0.6136795733045007, 0.8911276068568877, 0.9725360331556843, 0.24866091531320955, 0.5200892255203482, 0.45859119184737185, 0.582041797863422, 0.27956438325585986, 0.6915438318741579, 0.8401365325970566, 0.24409583940512725, 0.5162463333013708, 0.0633992802507286, 0.5667670986510974, 0.6460277592932612, 0.9112138685144716, 0.9416958367122912, 0.07462267066016137, 0.9737484735140046, 0.9608870169717301, 0.7790596529371325, 0.6159674709776304, 0.20789811896070687, 0.9155898987514287, 0.8681024010220514, 0.1931652521223045, 0.7738277353705666, 0.32324440806382304, 0.7507370759097293, 0.1368370534704243, 0.49797935898265355, 0.5028009001164992, 0.2903075488240352, 0.5014764526201635, 0.9406571997146836, 0.7028739359375553, 0.2296395605323266, 0.6196678954774116, 0.36328384259487023, 0.25406650092356065, 0.15051647842851767, 0.8847600970079634, 0.27359874743071755, 0.9906553273870699, 0.8472274672254829, 0.21398413895917834, 0.9956272008619329, 0.486784084927958, 0.9752058565312457, 0.9441412407227038, 0.7698824305163635, 0.5252650438398864, 0.9504517008022179, 0.12678355178115008, 0.3053589211810116, 0.1992564829478749, 0.19497552814968444, 0.5222807678109807, 0.8208359741138658, 0.33815358403295315, 0.05779694359416998, 0.7529928850610074, 0.3318410666509467, 0.751650832137123, 0.4650170610447715, 0.8616553868631017, 0.8298713063783847, 0.7589922934389705, 0.04339073522046566, 0.6650808040359492, 0.3046213914020355, 0.1980210170903437, 0.10053103983350742, 0.2543799733414147, 0.4767996982337023, 0.6059217055842477, 0.7103150390389937, 0.6113852410822783], "metric_3": [0.36452811163137244, 0.7398796243675478, 0.4808926803813087, 0.6139811688163317, 0.4998358611463942, 0.7660981172271755, 0.6059939719299644, 0.5828395647968088, 0.8379662556760578, 0.10437376219868932, 0.0972376921757131, 0.5556598150858085, 0.7301789298922184, 0.8140259330733657, 0.7643790329608704, 0.9018658769752959, 0.6040221083348205, 0.047251141633777305, 0.8009817074035986, 0.34378135540393784, 0.7252191645633194, 0.04343888809316321, 0.3792320721905854, 0.6265254817798267, 0.2138004092953777, 0.016345378926308163, 0.05256362337536136, 0.6600720985248092, 0.3412899804715075, 0.23493302554165052, 0.6090609623448537, 0.4122068787822578, 0.40411253398190505, 0.4550682317942557, 0.9395648307639259, 0.14487550324769916, 0.047798917238674354, 0.42493679241836846, 0.9271837539452737, 0.2830453356009647, 0.7635972173349447, 0.5043317015335269, 0.24477944574184052, 0.8946222413819432, 0.9638095642738045, 0.293496032381647, 0.7870625662682522, 0.276263813690405, 0.012222696388410448, 0.5996729582090634, 0.3483519913350136, 0.48913503639033673, 0.06144795919939261, 0.42924891999965675, 0.3228804624439221, 0.6122498493025151, 0.6495289854485388, 0.35088394672994994, 0.17921360963962474, 0.408879423799124, 0.31891033824775183, 0.19079521948298517, 0.3978761917940027, 0.7159060239784119, 0.8409287889211757, 0.3065270597711369, 0.0009575551904349444, 0.19910388065180717, 0.332443738606107, 0.2965757260551386, 0.802508882657789, 0.8553278899590605, 0.7110571677819751, 0.29168415006762716, 0.1443210564628431, 0.8416107001956058, 0.605093102870106, 0.27411918024156035, 0.357379222542488, 0.9183935304739553, 0.42168102547936903, 0.6069773022056989, 0.4413776892640755, 0.7034270974145194, 0.8696141385901581, 0.8921680588304426, 0.07844400587359424, 0.559264053023562, 0.9959694433203716, 0.36790820608793984, 0.4132566615326493, 0.6730952234023334, 0.2697008456569888, 0.5954272017660522, 0.9046416257082337, 0.5072114502799511, 0.24076483241877356, 0.18421664968624396, 0.5389059766610129, 0.9428590617049787]}}, "group_2_title": {"epoch": [0, 1, 2, 3, 4, 5, 6, 7, 8, 9, 10, 11, 12, 13, 14, 15, 16, 17, 18, 19, 20, 21, 22, 23, 24, 25, 26, 27, 28, 29, 30, 31, 32, 33, 34, 35, 36, 37, 38, 39, 40, 41, 42, 43, 44, 45, 46, 47, 48, 49, 50, 51, 52, 53, 54, 55, 56, 57, 58, 59, 60, 61, 62, 63, 64, 65, 66, 67, 68, 69, 70, 71, 72, 73, 74, 75, 76, 77, 78, 79, 80, 81, 82, 83, 84, 85, 86, 87, 88, 89, 90, 91, 92, 93, 94, 95, 96, 97, 98, 99],